词义	文字	越南语声调拼音
我	我	vả̉
你	汝	lủ̉
他/她/它	伊	ỷ̉
我们	我人	vả̉ nãang
他们	伊人	ỷ̉ nãang
人	人	nãang
去	去	hủ
了	去	hủ
没有/不	无	vǒ̉
会（将会）	解	ê
会/能（表能力可以）	罢	bat
在（表时间）/正在	现今	hien na
不	无	vǒ̉
是	是	tēe
将要	𠊎	vè
的	亓	gãỉ
吗	无	vǒ̉
干/做	做	tǒ̉
干嘛/为什么	做勿	tǒ̉ mì̉
谁	谁	tiá̉ng
哪	佗	té̉
什么	勿	mì̉
时候	时	tỉ̉
那里/那	许爿	o` bả̉i
但是	仍是	nà`t tēe
哪里	佗爿	té̉ bả̉i
家	厝	xiú̉
回	转	tủ̉i
学	学	ô
校	校	yháo
日	日	jiệt
本	本	bǔun
写	写	dia
看	看	o
字/书	书	tu
韩	韩	hản
中	中	tong
国	国	gòk
语/文	话	vwẻ
说/讲	讲	gǒng̉
吃	食	jiá
饭	糜	mỏ̉i
走	行	giả̉
都	都	dou
旅	旅	lỉ
游	游	ziủ̉
泳	泳	zion̉v
开	开	húỉ
车	车	shỷ̉a
用	用	zionv
在（方位）有	有	u
同学	人学	nãang ô
妈妈(第一人称)	阿妈	ā má
爸爸(第一人称)	阿爸	ā bà
姐姐(第一人称)	阿姐	ā je
妈妈(第二三人称)	厝母	xiú̉ mai
爸爸(第二三人称)	厝父	xiú̉ be
姐姐(第二三人称)	厝姐	xiú̉ je
爷爷	阿公	ā gông
奶奶	阿婆	ā pỏ̉
伯伯	伯爹	bó tỉe
姑姑	姑妈	gú má
好	好	hỏ̉
饱	饱	bả̉
担	担	tām
心	心	tỉen
法语/法文	法国话	fả̉ gòk vwẻ̉
英语/英文	英话	êng vwẻ̉
日语/日文	日本话	jiệt bǔun̉ vwẻ̉
韩语/韩文	韩国话	hản gòk vwẻ̉
